"Timestamp","Worker","Index","Total","Sample_Key","Sample_File","Status","Exit_Code"
"2026-03-17T14:43:49","w50r17b","1","25","42949039_444","42949039_444.json","OK","0"
"2026-03-17T14:59:44","w50r17b","2","25","42949039_445","42949039_445.json","OK","0"
"2026-03-17T15:12:15","w50r17b","3","25","42949039_446","42949039_446.json","OK","0"
"2026-03-17T15:25:08","w50r17b","4","25","42949039_447","42949039_447.json","OK","0"
"2026-03-17T15:37:51","w50r17b","5","25","42949039_448","42949039_448.json","OK","0"
"2026-03-17T15:51:24","w50r17b","6","25","42949039_449","42949039_449.json","OK","0"
"2026-03-17T16:04:22","w50r17b","7","25","42949039_450","42949039_450.json","OK","0"
"2026-03-17T16:17:55","w50r17b","8","25","42949039_451","42949039_451.json","OK","0"
"2026-03-17T16:25:42","w50r17b","9","25","42949039_452","42949039_452.json","OK","0"
"2026-03-17T16:33:55","w50r17b","10","25","42949039_453","42949039_453.json","OK","0"
"2026-03-17T16:42:09","w50r17b","11","25","42949039_454","42949039_454.json","OK","0"
"2026-03-17T16:49:26","w50r17b","12","25","42949039_455","42949039_455.json","OK","0"
"2026-03-17T16:56:46","w50r17b","13","25","42949039_456","42949039_456.json","OK","0"
"2026-03-17T17:04:11","w50r17b","14","25","42949039_457","42949039_457.json","OK","0"
"2026-03-17T17:11:54","w50r17b","15","25","42949039_458","42949039_458.json","OK","0"
"2026-03-17T17:18:37","w50r17b","16","25","42949039_459","42949039_459.json","OK","0"
"2026-03-17T17:25:08","w50r17b","17","25","42949039_460","42949039_460.json","OK","0"
"2026-03-17T17:31:39","w50r17b","18","25","42949039_461","42949039_461.json","OK","0"
"2026-03-17T17:43:43","w50r17b","19","25","42949039_462","42949039_462.json","OK","0"
"2026-03-17T17:49:00","w50r17b","20","25","42949039_463","42949039_463.json","OK","0"
"2026-03-17T17:56:26","w50r17b","21","25","42949039_464","42949039_464.json","OK","0"
"2026-03-17T18:11:04","w50r17b","22","25","42949039_472","42949039_472.json","OK","0"
"2026-03-17T18:22:50","w50r17b","23","25","42949039_473","42949039_473.json","OK","0"
"2026-03-17T18:37:25","w50r17b","24","25","42949039_474","42949039_474.json","OK","0"
"2026-03-17T18:53:06","w50r17b","25","25","42949039_475","42949039_475.json","OK","0"
