BusinessObjectDataRetryStoragePolicyTransitionHelper.java,org.finra.herd.service.helper.BusinessObjectDataRetryStoragePolicyTransitionHelper,org.pitest.mutationtest.engine.gregor.mutators.NegateConditionalsMutator,retryStoragePolicyTransition,105,SURVIVED,none
BusinessObjectDataRetryStoragePolicyTransitionHelper.java,org.finra.herd.service.helper.BusinessObjectDataRetryStoragePolicyTransitionHelper,org.pitest.mutationtest.engine.gregor.mutators.NegateConditionalsMutator,retryStoragePolicyTransition,106,KILLED,org.finra.herd.service.helper.BusinessObjectDataRetryStoragePolicyTransitionHelperTest.testRetryStoragePolicyTransitionLowerCaseParameters(org.finra.herd.service.helper.BusinessObjectDataRetryStoragePolicyTransitionHelperTest)
BusinessObjectDataRetryStoragePolicyTransitionHelper.java,org.finra.herd.service.helper.BusinessObjectDataRetryStoragePolicyTransitionHelper,org.pitest.mutationtest.engine.gregor.mutators.NegateConditionalsMutator,retryStoragePolicyTransition,107,SURVIVED,none
BusinessObjectDataRetryStoragePolicyTransitionHelper.java,org.finra.herd.service.helper.BusinessObjectDataRetryStoragePolicyTransitionHelper,org.pitest.mutationtest.engine.gregor.mutators.NegateConditionalsMutator,retryStoragePolicyTransition,108,KILLED,org.finra.herd.service.helper.BusinessObjectDataRetryStoragePolicyTransitionHelperTest.testRetryStoragePolicyTransitionLowerCaseParameters(org.finra.herd.service.helper.BusinessObjectDataRetryStoragePolicyTransitionHelperTest)
BusinessObjectDataRetryStoragePolicyTransitionHelper.java,org.finra.herd.service.helper.BusinessObjectDataRetryStoragePolicyTransitionHelper,org.pitest.mutationtest.engine.gregor.mutators.NegateConditionalsMutator,retryStoragePolicyTransition,109,SURVIVED,none
BusinessObjectDataRetryStoragePolicyTransitionHelper.java,org.finra.herd.service.helper.BusinessObjectDataRetryStoragePolicyTransitionHelper,org.pitest.mutationtest.engine.gregor.mutators.NegateConditionalsMutator,retryStoragePolicyTransition,110,KILLED,org.finra.herd.service.helper.BusinessObjectDataRetryStoragePolicyTransitionHelperTest.testRetryStoragePolicyTransitionLowerCaseParameters(org.finra.herd.service.helper.BusinessObjectDataRetryStoragePolicyTransitionHelperTest)
BusinessObjectDataRetryStoragePolicyTransitionHelper.java,org.finra.herd.service.helper.BusinessObjectDataRetryStoragePolicyTransitionHelper,org.pitest.mutationtest.engine.gregor.mutators.NegateConditionalsMutator,retryStoragePolicyTransition,139,KILLED,org.finra.herd.service.helper.BusinessObjectDataRetryStoragePolicyTransitionHelperTest.testRetryStoragePolicyTransitionLowerCaseParameters(org.finra.herd.service.helper.BusinessObjectDataRetryStoragePolicyTransitionHelperTest)
BusinessObjectDataRetryStoragePolicyTransitionHelper.java,org.finra.herd.service.helper.BusinessObjectDataRetryStoragePolicyTransitionHelper,org.pitest.mutationtest.engine.gregor.mutators.VoidMethodCallMutator,retryStoragePolicyTransition,93,SURVIVED,none
BusinessObjectDataRetryStoragePolicyTransitionHelper.java,org.finra.herd.service.helper.BusinessObjectDataRetryStoragePolicyTransitionHelper,org.pitest.mutationtest.engine.gregor.mutators.VoidMethodCallMutator,retryStoragePolicyTransition,96,SURVIVED,none
BusinessObjectDataRetryStoragePolicyTransitionHelper.java,org.finra.herd.service.helper.BusinessObjectDataRetryStoragePolicyTransitionHelper,org.pitest.mutationtest.engine.gregor.mutators.VoidMethodCallMutator,retryStoragePolicyTransition,105,SURVIVED,none
BusinessObjectDataRetryStoragePolicyTransitionHelper.java,org.finra.herd.service.helper.BusinessObjectDataRetryStoragePolicyTransitionHelper,org.pitest.mutationtest.engine.gregor.mutators.VoidMethodCallMutator,retryStoragePolicyTransition,116,SURVIVED,none
BusinessObjectDataRetryStoragePolicyTransitionHelper.java,org.finra.herd.service.helper.BusinessObjectDataRetryStoragePolicyTransitionHelper,org.pitest.mutationtest.engine.gregor.mutators.VoidMethodCallMutator,retryStoragePolicyTransition,126,SURVIVED,none
BusinessObjectDataRetryStoragePolicyTransitionHelper.java,org.finra.herd.service.helper.BusinessObjectDataRetryStoragePolicyTransitionHelper,org.pitest.mutationtest.engine.gregor.mutators.VoidMethodCallMutator,retryStoragePolicyTransition,132,SURVIVED,none
BusinessObjectDataRetryStoragePolicyTransitionHelper.java,org.finra.herd.service.helper.BusinessObjectDataRetryStoragePolicyTransitionHelper,org.pitest.mutationtest.engine.gregor.mutators.VoidMethodCallMutator,retryStoragePolicyTransition,150,SURVIVED,none
BusinessObjectDataRetryStoragePolicyTransitionHelper.java,org.finra.herd.service.helper.BusinessObjectDataRetryStoragePolicyTransitionHelper,org.pitest.mutationtest.engine.gregor.mutators.returns.NullReturnValsMutator,retryStoragePolicyTransition,153,KILLED,org.finra.herd.service.helper.BusinessObjectDataRetryStoragePolicyTransitionHelperTest.testRetryStoragePolicyTransitionLowerCaseParameters(org.finra.herd.service.helper.BusinessObjectDataRetryStoragePolicyTransitionHelperTest)
