"Sample_Key","Sample_File","Project","Focal_Class","Test_Class","Focal_Path","Test_Path","Module","Focal_Method","Test_Case","AST_Focal_Method","AST_Test_Method"
"42949039_432","42949039_432.json","42949039","SearchIndexUpdateHelper","SearchIndexUpdateHelperTest","repos/42949039/herd-code/herd-service/src/main/java/org/finra/herd/service/helper/SearchIndexUpdateHelper.java","repos/42949039/herd-code/herd-service/src/test/java/org/finra/herd/service/helper/SearchIndexUpdateHelperTest.java","herd-code\herd-service","modifyTagsInSearchIndex","testModifyTagsInSearchIndexNoSqsQueueName","modifyTagsInSearchIndex","testModifyTagsInSearchIndexNoSqsQueueName"
"42949039_44","42949039_44.json","42949039","ConfigurationHelper","ConfigurationHelperTest","repos/42949039/herd-code/herd-core/src/main/java/org/finra/herd/core/helper/ConfigurationHelper.java","repos/42949039/herd-code/herd-core/src/test/java/org/finra/herd/core/helper/ConfigurationHelperTest.java","herd-code\herd-core","getProperty","testGetPropertyThrowsWhenDefaultTypeDoesNotMatch","getProperty","testGetPropertyThrowsWhenDefaultTypeDoesNotMatch"
"42949039_455","42949039_455.json","42949039","StorageHelper","StorageHelperTest","repos/42949039/herd-code/herd-service/src/main/java/org/finra/herd/service/helper/StorageHelper.java","repos/42949039/herd-code/herd-service/src/test/java/org/finra/herd/service/helper/StorageHelperTest.java","herd-code\herd-service","getStorageAttributeIntegerValueByName","testGetStorageAttributeIntegerValueByNameWithDefault_1","getStorageAttributeIntegerValueByName","testGetStorageAttributeIntegerValueByNameWithDefault_1"
"42949039_457","42949039_457.json","42949039","StorageHelper","StorageHelperTest","repos/42949039/herd-code/herd-service/src/main/java/org/finra/herd/service/helper/StorageHelper.java","repos/42949039/herd-code/herd-service/src/test/java/org/finra/herd/service/helper/StorageHelperTest.java","herd-code\herd-service","getStorageAttributeIntegerValueByName","testGetStorageAttributeIntegerValueByNameWithDefault_3","getStorageAttributeIntegerValueByName","testGetStorageAttributeIntegerValueByNameWithDefault_3"
"42949039_459","42949039_459.json","42949039","StorageHelper","StorageHelperTest","repos/42949039/herd-code/herd-service/src/main/java/org/finra/herd/service/helper/StorageHelper.java","repos/42949039/herd-code/herd-service/src/test/java/org/finra/herd/service/helper/StorageHelperTest.java","herd-code\herd-service","getStorageAttributeIntegerValueByName","testGetStorageAttributeIntegerValueByNameWithDefault_5","getStorageAttributeIntegerValueByName","testGetStorageAttributeIntegerValueByNameWithDefault_5"
"42949039_460","42949039_460.json","42949039","StorageHelper","StorageHelperTest","repos/42949039/herd-code/herd-service/src/main/java/org/finra/herd/service/helper/StorageHelper.java","repos/42949039/herd-code/herd-service/src/test/java/org/finra/herd/service/helper/StorageHelperTest.java","herd-code\herd-service","getStorageAttributeIntegerValueByName","testGetStorageAttributeIntegerValueByNameWithDefault_6","getStorageAttributeIntegerValueByName","testGetStorageAttributeIntegerValueByNameWithDefault_6"
"42949039_462","42949039_462.json","42949039","StorageHelper","StorageHelperTest","repos/42949039/herd-code/herd-service/src/main/java/org/finra/herd/service/helper/StorageHelper.java","repos/42949039/herd-code/herd-service/src/test/java/org/finra/herd/service/helper/StorageHelperTest.java","herd-code\herd-service","getStorageAttributeIntegerValueByName","testGetStorageAttributeIntegerValueByNameWithDefault_8","getStorageAttributeIntegerValueByName","testGetStorageAttributeIntegerValueByNameWithDefault_8"
"42949039_464","42949039_464.json","42949039","SecurityFunctionDaoHelper","SecurityFunctionDaoHelperTest","repos/42949039/herd-code/herd-service/src/main/java/org/finra/herd/service/helper/SecurityFunctionDaoHelper.java","repos/42949039/herd-code/herd-service/src/test/java/org/finra/herd/service/helper/SecurityFunctionDaoHelperTest.java","herd-code\herd-service","getSecurityFunctionEntity","testGetSecurityFunctionEntitySecurityFunctionNoExists","getSecurityFunctionEntity","testGetSecurityFunctionEntitySecurityFunctionNoExists"
"42949039_474","42949039_474.json","42949039","BusinessObjectDataRetryStoragePolicyTransitionHelper","BusinessObjectDataRetryStoragePolicyTransitionHelperTest","repos/42949039/herd-code/herd-service/src/main/java/org/finra/herd/service/helper/BusinessObjectDataRetryStoragePolicyTransitionHelper.java","repos/42949039/herd-code/herd-service/src/test/java/org/finra/herd/service/helper/BusinessObjectDataRetryStoragePolicyTransitionHelperTest.java","herd-code\herd-service","retryStoragePolicyTransition","testRetryStoragePolicyTransitionInvalidParameters","retryStoragePolicyTransition","testRetryStoragePolicyTransitionInvalidParameters"
"42949039_48","42949039_48.json","42949039","ConfigurationHelper","ConfigurationHelperTest","repos/42949039/herd-code/herd-core/src/main/java/org/finra/herd/core/helper/ConfigurationHelper.java","repos/42949039/herd-code/herd-core/src/test/java/org/finra/herd/core/helper/ConfigurationHelperTest.java","herd-code\herd-core","getProperty","testGetPropertyNoTargetType","getProperty","testGetPropertyNoTargetType"
"42949039_50","42949039_50.json","42949039","ConfigurationHelper","ConfigurationHelperTest","repos/42949039/herd-code/herd-core/src/main/java/org/finra/herd/core/helper/ConfigurationHelper.java","repos/42949039/herd-code/herd-core/src/test/java/org/finra/herd/core/helper/ConfigurationHelperTest.java","herd-code\herd-core","getProperty","testGetPropertyInstanceNoTargetType","getProperty","testGetPropertyInstanceNoTargetType"
