Project,Focal_Class,Test_Class,Focal_Path,Test_Path,Module,Focal_Method,Test_Case,AST_Focal_Method,AST_Test_Method
42949039,StorageHelper,StorageHelperTest,repos/42949039/herd-code/herd-service/src/main/java/org/finra/herd/service/helper/StorageHelper.java,repos/42949039/herd-code/herd-service/src/test/java/org/finra/herd/service/helper/StorageHelperTest.java,herd-code\herd-service,getStorageAttributeIntegerValueByName,testGetStorageAttributeIntegerValueByName_3,getStorageAttributeIntegerValueByName,testGetStorageAttributeIntegerValueByName_3
42949039,StorageHelper,StorageHelperTest,repos/42949039/herd-code/herd-service/src/main/java/org/finra/herd/service/helper/StorageHelper.java,repos/42949039/herd-code/herd-service/src/test/java/org/finra/herd/service/helper/StorageHelperTest.java,herd-code\herd-service,getStorageAttributeIntegerValueByName,testGetStorageAttributeIntegerValueByName_4,getStorageAttributeIntegerValueByName,testGetStorageAttributeIntegerValueByName_4
42949039,StorageHelper,StorageHelperTest,repos/42949039/herd-code/herd-service/src/main/java/org/finra/herd/service/helper/StorageHelper.java,repos/42949039/herd-code/herd-service/src/test/java/org/finra/herd/service/helper/StorageHelperTest.java,herd-code\herd-service,getStorageAttributeIntegerValueByName,testGetStorageAttributeIntegerValueByName_5,getStorageAttributeIntegerValueByName,testGetStorageAttributeIntegerValueByName_5
42949039,StorageHelper,StorageHelperTest,repos/42949039/herd-code/herd-service/src/main/java/org/finra/herd/service/helper/StorageHelper.java,repos/42949039/herd-code/herd-service/src/test/java/org/finra/herd/service/helper/StorageHelperTest.java,herd-code\herd-service,getStorageAttributeIntegerValueByName,testGetStorageAttributeIntegerValueByName_6,getStorageAttributeIntegerValueByName,testGetStorageAttributeIntegerValueByName_6
42949039,StorageHelper,StorageHelperTest,repos/42949039/herd-code/herd-service/src/main/java/org/finra/herd/service/helper/StorageHelper.java,repos/42949039/herd-code/herd-service/src/test/java/org/finra/herd/service/helper/StorageHelperTest.java,herd-code\herd-service,getStorageAttributeIntegerValueByName,testGetStorageAttributeIntegerValueByName_7,getStorageAttributeIntegerValueByName,testGetStorageAttributeIntegerValueByName_7
42949039,StorageHelper,StorageHelperTest,repos/42949039/herd-code/herd-service/src/main/java/org/finra/herd/service/helper/StorageHelper.java,repos/42949039/herd-code/herd-service/src/test/java/org/finra/herd/service/helper/StorageHelperTest.java,herd-code\herd-service,getStorageAttributeIntegerValueByName,testGetStorageAttributeIntegerValueByName_8,getStorageAttributeIntegerValueByName,testGetStorageAttributeIntegerValueByName_8
42949039,StorageHelper,StorageHelperTest,repos/42949039/herd-code/herd-service/src/main/java/org/finra/herd/service/helper/StorageHelper.java,repos/42949039/herd-code/herd-service/src/test/java/org/finra/herd/service/helper/StorageHelperTest.java,herd-code\herd-service,getStorageAttributeIntegerValueByName,testGetStorageAttributeIntegerValueByName_9,getStorageAttributeIntegerValueByName,testGetStorageAttributeIntegerValueByName_9
42949039,StorageHelper,StorageHelperTest,repos/42949039/herd-code/herd-service/src/main/java/org/finra/herd/service/helper/StorageHelper.java,repos/42949039/herd-code/herd-service/src/test/java/org/finra/herd/service/helper/StorageHelperTest.java,herd-code\herd-service,getStorageAttributeIntegerValueByName,testGetStorageAttributeIntegerValueByName_10,getStorageAttributeIntegerValueByName,testGetStorageAttributeIntegerValueByName_10
42949039,StorageHelper,StorageHelperTest,repos/42949039/herd-code/herd-service/src/main/java/org/finra/herd/service/helper/StorageHelper.java,repos/42949039/herd-code/herd-service/src/test/java/org/finra/herd/service/helper/StorageHelperTest.java,herd-code\herd-service,getStorageAttributeIntegerValueByName,testGetStorageAttributeIntegerValueByName_11,getStorageAttributeIntegerValueByName,testGetStorageAttributeIntegerValueByName_11
42949039,StorageHelper,StorageHelperTest,repos/42949039/herd-code/herd-service/src/main/java/org/finra/herd/service/helper/StorageHelper.java,repos/42949039/herd-code/herd-service/src/test/java/org/finra/herd/service/helper/StorageHelperTest.java,herd-code\herd-service,getStorageAttributeIntegerValueByName,testGetStorageAttributeIntegerValueByName_12,getStorageAttributeIntegerValueByName,testGetStorageAttributeIntegerValueByName_12
42949039,StorageHelper,StorageHelperTest,repos/42949039/herd-code/herd-service/src/main/java/org/finra/herd/service/helper/StorageHelper.java,repos/42949039/herd-code/herd-service/src/test/java/org/finra/herd/service/helper/StorageHelperTest.java,herd-code\herd-service,getStorageAttributeIntegerValueByName,testGetStorageAttributeIntegerValueByName_13,getStorageAttributeIntegerValueByName,testGetStorageAttributeIntegerValueByName_13
42949039,StorageHelper,StorageHelperTest,repos/42949039/herd-code/herd-service/src/main/java/org/finra/herd/service/helper/StorageHelper.java,repos/42949039/herd-code/herd-service/src/test/java/org/finra/herd/service/helper/StorageHelperTest.java,herd-code\herd-service,getStorageAttributeIntegerValueByName,testGetStorageAttributeIntegerValueByNameWithDefault_1,getStorageAttributeIntegerValueByName,testGetStorageAttributeIntegerValueByNameWithDefault_1
42949039,StorageHelper,StorageHelperTest,repos/42949039/herd-code/herd-service/src/main/java/org/finra/herd/service/helper/StorageHelper.java,repos/42949039/herd-code/herd-service/src/test/java/org/finra/herd/service/helper/StorageHelperTest.java,herd-code\herd-service,getStorageAttributeIntegerValueByName,testGetStorageAttributeIntegerValueByNameWithDefault_2,getStorageAttributeIntegerValueByName,testGetStorageAttributeIntegerValueByNameWithDefault_2
42949039,StorageHelper,StorageHelperTest,repos/42949039/herd-code/herd-service/src/main/java/org/finra/herd/service/helper/StorageHelper.java,repos/42949039/herd-code/herd-service/src/test/java/org/finra/herd/service/helper/StorageHelperTest.java,herd-code\herd-service,getStorageAttributeIntegerValueByName,testGetStorageAttributeIntegerValueByNameWithDefault_3,getStorageAttributeIntegerValueByName,testGetStorageAttributeIntegerValueByNameWithDefault_3
42949039,StorageHelper,StorageHelperTest,repos/42949039/herd-code/herd-service/src/main/java/org/finra/herd/service/helper/StorageHelper.java,repos/42949039/herd-code/herd-service/src/test/java/org/finra/herd/service/helper/StorageHelperTest.java,herd-code\herd-service,getStorageAttributeIntegerValueByName,testGetStorageAttributeIntegerValueByNameWithDefault_4,getStorageAttributeIntegerValueByName,testGetStorageAttributeIntegerValueByNameWithDefault_4
42949039,StorageHelper,StorageHelperTest,repos/42949039/herd-code/herd-service/src/main/java/org/finra/herd/service/helper/StorageHelper.java,repos/42949039/herd-code/herd-service/src/test/java/org/finra/herd/service/helper/StorageHelperTest.java,herd-code\herd-service,getStorageAttributeIntegerValueByName,testGetStorageAttributeIntegerValueByNameWithDefault_5,getStorageAttributeIntegerValueByName,testGetStorageAttributeIntegerValueByNameWithDefault_5
42949039,StorageHelper,StorageHelperTest,repos/42949039/herd-code/herd-service/src/main/java/org/finra/herd/service/helper/StorageHelper.java,repos/42949039/herd-code/herd-service/src/test/java/org/finra/herd/service/helper/StorageHelperTest.java,herd-code\herd-service,getStorageAttributeIntegerValueByName,testGetStorageAttributeIntegerValueByNameWithDefault_6,getStorageAttributeIntegerValueByName,testGetStorageAttributeIntegerValueByNameWithDefault_6
42949039,StorageHelper,StorageHelperTest,repos/42949039/herd-code/herd-service/src/main/java/org/finra/herd/service/helper/StorageHelper.java,repos/42949039/herd-code/herd-service/src/test/java/org/finra/herd/service/helper/StorageHelperTest.java,herd-code\herd-service,getStorageAttributeIntegerValueByName,testGetStorageAttributeIntegerValueByNameWithDefault_7,getStorageAttributeIntegerValueByName,testGetStorageAttributeIntegerValueByNameWithDefault_7
42949039,StorageHelper,StorageHelperTest,repos/42949039/herd-code/herd-service/src/main/java/org/finra/herd/service/helper/StorageHelper.java,repos/42949039/herd-code/herd-service/src/test/java/org/finra/herd/service/helper/StorageHelperTest.java,herd-code\herd-service,getStorageAttributeIntegerValueByName,testGetStorageAttributeIntegerValueByNameWithDefault_8,getStorageAttributeIntegerValueByName,testGetStorageAttributeIntegerValueByNameWithDefault_8
42949039,SecurityFunctionDaoHelper,SecurityFunctionDaoHelperTest,repos/42949039/herd-code/herd-service/src/main/java/org/finra/herd/service/helper/SecurityFunctionDaoHelper.java,repos/42949039/herd-code/herd-service/src/test/java/org/finra/herd/service/helper/SecurityFunctionDaoHelperTest.java,herd-code\herd-service,getSecurityFunctionEntity,testGetSecurityFunctionEntity,getSecurityFunctionEntity,testGetSecurityFunctionEntity
42949039,SecurityFunctionDaoHelper,SecurityFunctionDaoHelperTest,repos/42949039/herd-code/herd-service/src/main/java/org/finra/herd/service/helper/SecurityFunctionDaoHelper.java,repos/42949039/herd-code/herd-service/src/test/java/org/finra/herd/service/helper/SecurityFunctionDaoHelperTest.java,herd-code\herd-service,getSecurityFunctionEntity,testGetSecurityFunctionEntitySecurityFunctionNoExists,getSecurityFunctionEntity,testGetSecurityFunctionEntitySecurityFunctionNoExists
42949039,HerdJmsDestinationResolver,HerdJmsDestinationResolverTest,repos/42949039/herd-code/herd-service/src/main/java/org/finra/herd/service/helper/HerdJmsDestinationResolver.java,repos/42949039/herd-code/herd-service/src/test/java/org/finra/herd/service/helper/HerdJmsDestinationResolverTest.java,herd-code\herd-service,resolveDestinationName,testResolveDestinationNameNoExists,resolveDestinationName,testResolveDestinationNameNoExists
42949039,HerdJmsDestinationResolver,HerdJmsDestinationResolverTest,repos/42949039/herd-code/herd-service/src/main/java/org/finra/herd/service/helper/HerdJmsDestinationResolver.java,repos/42949039/herd-code/herd-service/src/test/java/org/finra/herd/service/helper/HerdJmsDestinationResolverTest.java,herd-code\herd-service,resolveDestinationName,testResolveDestinationNameNoQueueExists,resolveDestinationName,testResolveDestinationNameNoQueueExists
42949039,HerdJmsDestinationResolver,HerdJmsDestinationResolverTest,repos/42949039/herd-code/herd-service/src/main/java/org/finra/herd/service/helper/HerdJmsDestinationResolver.java,repos/42949039/herd-code/herd-service/src/test/java/org/finra/herd/service/helper/HerdJmsDestinationResolverTest.java,herd-code\herd-service,resolveDestinationName,testResolveDestinationNameNoConfig,resolveDestinationName,testResolveDestinationNameNoConfig
42949039,HerdJmsDestinationResolver,HerdJmsDestinationResolverTest,repos/42949039/herd-code/herd-service/src/main/java/org/finra/herd/service/helper/HerdJmsDestinationResolver.java,repos/42949039/herd-code/herd-service/src/test/java/org/finra/herd/service/helper/HerdJmsDestinationResolverTest.java,herd-code\herd-service,resolveDestinationName,testResolveDestinationHerdIncoming,resolveDestinationName,testResolveDestinationHerdIncoming
