Sample_Key,Sample_File,Project,Focal_Class,Test_Class,Focal_Path,Test_Path,Module,Focal_Method,Test_Case,AST_Focal_Method,AST_Test_Method
42949039_5,42949039_5.json,42949039,SwaggerGenMojo,SwaggerGenMojoTest,repos/42949039/herd-build/herd-swaggergen-maven-plugin/src/main/java/org/finra/herd/swaggergen/SwaggerGenMojo.java,repos/42949039/herd-build/herd-swaggergen-maven-plugin/src/test/java/org/finra/herd/swaggergen/SwaggerGenMojoTest.java,herd-build\herd-swaggergen-maven-plugin,execute,test_2,execute,test_2
42949039_43,42949039_43.json,42949039,ConfigurationHelper,ConfigurationHelperTest,repos/42949039/herd-code/herd-core/src/main/java/org/finra/herd/core/helper/ConfigurationHelper.java,repos/42949039/herd-code/herd-core/src/test/java/org/finra/herd/core/helper/ConfigurationHelperTest.java,herd-code\herd-core,getProperty,testGetPropertyReturnDefaultWhenValueConversionFails,getProperty,testGetPropertyReturnDefaultWhenValueConversionFails
42949039_44,42949039_44.json,42949039,ConfigurationHelper,ConfigurationHelperTest,repos/42949039/herd-code/herd-core/src/main/java/org/finra/herd/core/helper/ConfigurationHelper.java,repos/42949039/herd-code/herd-core/src/test/java/org/finra/herd/core/helper/ConfigurationHelperTest.java,herd-code\herd-core,getProperty,testGetPropertyThrowsWhenDefaultTypeDoesNotMatch,getProperty,testGetPropertyThrowsWhenDefaultTypeDoesNotMatch
42949039_45,42949039_45.json,42949039,ConfigurationHelper,ConfigurationHelperTest,repos/42949039/herd-code/herd-core/src/main/java/org/finra/herd/core/helper/ConfigurationHelper.java,repos/42949039/herd-code/herd-core/src/test/java/org/finra/herd/core/helper/ConfigurationHelperTest.java,herd-code\herd-core,getProperty,testGetPropertyReturnNullWhenPropertyDoesNotExistsAndNoDefaultsConfigured,getProperty,testGetPropertyReturnNullWhenPropertyDoesNotExistsAndNoDefaultsConfigured
42949039_46,42949039_46.json,42949039,ConfigurationHelper,ConfigurationHelperTest,repos/42949039/herd-code/herd-core/src/main/java/org/finra/herd/core/helper/ConfigurationHelper.java,repos/42949039/herd-code/herd-core/src/test/java/org/finra/herd/core/helper/ConfigurationHelperTest.java,herd-code\herd-core,getProperty,testGetPropertyValidationThrowsWhenConfigurationValueIsNull,getProperty,testGetPropertyValidationThrowsWhenConfigurationValueIsNull
42949039_47,42949039_47.json,42949039,ConfigurationHelper,ConfigurationHelperTest,repos/42949039/herd-code/herd-core/src/main/java/org/finra/herd/core/helper/ConfigurationHelper.java,repos/42949039/herd-code/herd-core/src/test/java/org/finra/herd/core/helper/ConfigurationHelperTest.java,herd-code\herd-core,getProperty,testGetPropertyValidationThrowsWhenTargetTypeIsNull,getProperty,testGetPropertyValidationThrowsWhenTargetTypeIsNull
42949039_48,42949039_48.json,42949039,ConfigurationHelper,ConfigurationHelperTest,repos/42949039/herd-code/herd-core/src/main/java/org/finra/herd/core/helper/ConfigurationHelper.java,repos/42949039/herd-code/herd-core/src/test/java/org/finra/herd/core/helper/ConfigurationHelperTest.java,herd-code\herd-core,getProperty,testGetPropertyNoTargetType,getProperty,testGetPropertyNoTargetType
42949039_49,42949039_49.json,42949039,ConfigurationHelper,ConfigurationHelperTest,repos/42949039/herd-code/herd-core/src/main/java/org/finra/herd/core/helper/ConfigurationHelper.java,repos/42949039/herd-code/herd-core/src/test/java/org/finra/herd/core/helper/ConfigurationHelperTest.java,herd-code\herd-core,getProperty,testGetPropertyInstance,getProperty,testGetPropertyInstance
42949039_50,42949039_50.json,42949039,ConfigurationHelper,ConfigurationHelperTest,repos/42949039/herd-code/herd-core/src/main/java/org/finra/herd/core/helper/ConfigurationHelper.java,repos/42949039/herd-code/herd-core/src/test/java/org/finra/herd/core/helper/ConfigurationHelperTest.java,herd-code\herd-core,getProperty,testGetPropertyInstanceNoTargetType,getProperty,testGetPropertyInstanceNoTargetType
42949039_51,42949039_51.json,42949039,ConfigurationHelper,ConfigurationHelperTest,repos/42949039/herd-code/herd-core/src/main/java/org/finra/herd/core/helper/ConfigurationHelper.java,repos/42949039/herd-code/herd-core/src/test/java/org/finra/herd/core/helper/ConfigurationHelperTest.java,herd-code\herd-core,getBigDecimalRequiredProperty,testGetBigDecimalRequiredPropertyValue,getBigDecimalRequiredProperty,testGetBigDecimalRequiredPropertyValue
42949039_429,42949039_429.json,42949039,SearchIndexUpdateHelper,SearchIndexUpdateHelperTest,repos/42949039/herd-code/herd-service/src/main/java/org/finra/herd/service/helper/SearchIndexUpdateHelper.java,repos/42949039/herd-code/herd-service/src/test/java/org/finra/herd/service/helper/SearchIndexUpdateHelperTest.java,herd-code\herd-service,modifyTagInSearchIndex,testModifyTagInSearchIndexSearchIndexUpdateJmsListenerDisabled,modifyTagInSearchIndex,testModifyTagInSearchIndexSearchIndexUpdateJmsListenerDisabled
42949039_430,42949039_430.json,42949039,SearchIndexUpdateHelper,SearchIndexUpdateHelperTest,repos/42949039/herd-code/herd-service/src/main/java/org/finra/herd/service/helper/SearchIndexUpdateHelper.java,repos/42949039/herd-code/herd-service/src/test/java/org/finra/herd/service/helper/SearchIndexUpdateHelperTest.java,herd-code\herd-service,modifyTagsInSearchIndex,testModifyTagsInSearchIndex,modifyTagsInSearchIndex,testModifyTagsInSearchIndex
42949039_431,42949039_431.json,42949039,SearchIndexUpdateHelper,SearchIndexUpdateHelperTest,repos/42949039/herd-code/herd-service/src/main/java/org/finra/herd/service/helper/SearchIndexUpdateHelper.java,repos/42949039/herd-code/herd-service/src/test/java/org/finra/herd/service/helper/SearchIndexUpdateHelperTest.java,herd-code\herd-service,modifyTagsInSearchIndex,testModifyTagsInSearchIndexBlankMessage,modifyTagsInSearchIndex,testModifyTagsInSearchIndexBlankMessage
42949039_432,42949039_432.json,42949039,SearchIndexUpdateHelper,SearchIndexUpdateHelperTest,repos/42949039/herd-code/herd-service/src/main/java/org/finra/herd/service/helper/SearchIndexUpdateHelper.java,repos/42949039/herd-code/herd-service/src/test/java/org/finra/herd/service/helper/SearchIndexUpdateHelperTest.java,herd-code\herd-service,modifyTagsInSearchIndex,testModifyTagsInSearchIndexNoSqsQueueName,modifyTagsInSearchIndex,testModifyTagsInSearchIndexNoSqsQueueName
42949039_433,42949039_433.json,42949039,StorageFileDaoHelper,StorageFileDaoHelperTest,repos/42949039/herd-code/herd-service/src/main/java/org/finra/herd/service/helper/StorageFileDaoHelper.java,repos/42949039/herd-code/herd-service/src/test/java/org/finra/herd/service/helper/StorageFileDaoHelperTest.java,herd-code\herd-service,createStorageFileEntitiesFromStorageFiles,testCreateStorageFileEntitiesFromStorageFiles,createStorageFileEntitiesFromStorageFiles,testCreateStorageFileEntitiesFromStorageFiles
42949039_434,42949039_434.json,42949039,StorageFileDaoHelper,StorageFileDaoHelperTest,repos/42949039/herd-code/herd-service/src/main/java/org/finra/herd/service/helper/StorageFileDaoHelper.java,repos/42949039/herd-code/herd-service/src/test/java/org/finra/herd/service/helper/StorageFileDaoHelperTest.java,herd-code\herd-service,getStorageFileEntity,testGetStorageFileEntity,getStorageFileEntity,testGetStorageFileEntity
42949039_435,42949039_435.json,42949039,StorageFileDaoHelper,StorageFileDaoHelperTest,repos/42949039/herd-code/herd-service/src/main/java/org/finra/herd/service/helper/StorageFileDaoHelper.java,repos/42949039/herd-code/herd-service/src/test/java/org/finra/herd/service/helper/StorageFileDaoHelperTest.java,herd-code\herd-service,getStorageFileEntity,testGetStorageFileEntityWithNullStorageFileEntity,getStorageFileEntity,testGetStorageFileEntityWithNullStorageFileEntity
42949039_436,42949039_436.json,42949039,StorageFileDaoHelper,StorageFileDaoHelperTest,repos/42949039/herd-code/herd-service/src/main/java/org/finra/herd/service/helper/StorageFileDaoHelper.java,repos/42949039/herd-code/herd-service/src/test/java/org/finra/herd/service/helper/StorageFileDaoHelperTest.java,herd-code\herd-service,getStorageFileEntity,testGetStorageFileEntityByStorageUnitEntityAndFilePath,getStorageFileEntity,testGetStorageFileEntityByStorageUnitEntityAndFilePath
42949039_437,42949039_437.json,42949039,StorageFileDaoHelper,StorageFileDaoHelperTest,repos/42949039/herd-code/herd-service/src/main/java/org/finra/herd/service/helper/StorageFileDaoHelper.java,repos/42949039/herd-code/herd-service/src/test/java/org/finra/herd/service/helper/StorageFileDaoHelperTest.java,herd-code\herd-service,getStorageFileEntity,testGetStorageFileEntityByStorageUnitEntityAndFilePathWithFileOnlyPrefix,getStorageFileEntity,testGetStorageFileEntityByStorageUnitEntityAndFilePathWithFileOnlyPrefix
42949039_438,42949039_438.json,42949039,StorageFileDaoHelper,StorageFileDaoHelperTest,repos/42949039/herd-code/herd-service/src/main/java/org/finra/herd/service/helper/StorageFileDaoHelper.java,repos/42949039/herd-code/herd-service/src/test/java/org/finra/herd/service/helper/StorageFileDaoHelperTest.java,herd-code\herd-service,getStorageFileEntity,testGetStorageFileEntityByStorageUnitEntityAndFilePathWithNullStorageFileEntity,getStorageFileEntity,testGetStorageFileEntityByStorageUnitEntityAndFilePathWithNullStorageFileEntity
42949039_439,42949039_439.json,42949039,StorageFileDaoHelper,StorageFileDaoHelperTest,repos/42949039/herd-code/herd-service/src/main/java/org/finra/herd/service/helper/StorageFileDaoHelper.java,repos/42949039/herd-code/herd-service/src/test/java/org/finra/herd/service/helper/StorageFileDaoHelperTest.java,herd-code\herd-service,getStorageFileEntity,testGetStorageFileEntityByStorageUnitEntityAndFilePathWithNullStorageFileEntityWithBlankDirectoryPath,getStorageFileEntity,testGetStorageFileEntityByStorageUnitEntityAndFilePathWithNullStorageFileEntityWithBlankDirectoryPath
42949039_440,42949039_440.json,42949039,StorageHelper,StorageHelperTest,repos/42949039/herd-code/herd-service/src/main/java/org/finra/herd/service/helper/StorageHelper.java,repos/42949039/herd-code/herd-service/src/test/java/org/finra/herd/service/helper/StorageHelperTest.java,herd-code\herd-service,getStorageAttributeValueByName,testGetStorageAttributeValueByNameFromStorage,getStorageAttributeValueByName,testGetStorageAttributeValueByNameFromStorage
42949039_441,42949039_441.json,42949039,StorageHelper,StorageHelperTest,repos/42949039/herd-code/herd-service/src/main/java/org/finra/herd/service/helper/StorageHelper.java,repos/42949039/herd-code/herd-service/src/test/java/org/finra/herd/service/helper/StorageHelperTest.java,herd-code\herd-service,getStorageAttributeValueByName,testGetStorageAttributeValueByNameFromStorageEntity,getStorageAttributeValueByName,testGetStorageAttributeValueByNameFromStorageEntity
42949039_442,42949039_442.json,42949039,StorageHelper,StorageHelperTest,repos/42949039/herd-code/herd-service/src/main/java/org/finra/herd/service/helper/StorageHelper.java,repos/42949039/herd-code/herd-service/src/test/java/org/finra/herd/service/helper/StorageHelperTest.java,herd-code\herd-service,getStorageAttributeIntegerValueByName,testGetStorageAttributeIntegerValueByName_1,getStorageAttributeIntegerValueByName,testGetStorageAttributeIntegerValueByName_1
42949039_443,42949039_443.json,42949039,StorageHelper,StorageHelperTest,repos/42949039/herd-code/herd-service/src/main/java/org/finra/herd/service/helper/StorageHelper.java,repos/42949039/herd-code/herd-service/src/test/java/org/finra/herd/service/helper/StorageHelperTest.java,herd-code\herd-service,getStorageAttributeIntegerValueByName,testGetStorageAttributeIntegerValueByName_2,getStorageAttributeIntegerValueByName,testGetStorageAttributeIntegerValueByName_2
